{
   "executionTime":"2015-01-07 12:40:09 PM",
   "stationBeanList":[
      {
         "id":1,
         "stationName":"Jarvis St \/ Carleton St",
         "availableDocks":8,
         "totalDocks":15,
         "latitude":43.66207,
         "longitude":-79.37617,
         "statusValue":"In Service",
         "statusKey":1,
         "availableBikes":7,
         "stAddress1":null,
         "stAddress2":null,
         "city":null,
         "postalCode":null,
         "location":null,
         "altitude":null,
         "testStation":false,
         "lastCommunicationTime":"2015-01-07 12:35:26 PM",
         "landMark":7055
      },
      {
         "id":5,
         "stationName":"Church St \/ Alexander St",
         "availableDocks":7,
         "totalDocks":15,
         "latitude":43.6636,
         "longitude":-79.3806,
         "statusValue":"In Service",
         "statusKey":1,
         "availableBikes":8,
         "stAddress1":null,
         "stAddress2":null,
         "city":null,
         "postalCode":null,
         "location":null,
         "altitude":null,
         "testStation":false,
         "lastCommunicationTime":"2015-01-07 12:29:27 PM",
         "landMark":7044
      },
      {
         "id":6,
         "stationName":"Gould St \/ Mutual St",
         "availableDocks":15,
         "totalDocks":30,
         "latitude":43.6582,
         "longitude":-79.3768,
         "statusValue":"In Service",
         "statusKey":1,
         "availableBikes":15,
         "stAddress1":null,
         "stAddress2":null,
         "city":null,
         "postalCode":null,
         "location":null,
         "altitude":null,
         "testStation":false,
         "lastCommunicationTime":"2015-01-07 12:33:12 PM",
         "landMark":7028
      },
      {
         "id":7,
         "stationName":"St George St \/ Bloor St W",
         "availableDocks":13,
         "totalDocks":14,
         "latitude":43.667333,
         "longitude":-79.399429,
         "statusValue":"In Service",
         "statusKey":1,
         "availableBikes":1,
         "stAddress1":null,
         "stAddress2":null,
         "city":null,
         "postalCode":null,
         "location":null,
         "altitude":null,
         "testStation":false,
         "lastCommunicationTime":"2015-01-07 12:39:15 PM",
         "landMark":7002
      },
      {
         "id":8,
         "stationName":"Madison Ave \/ Bloor St W",
         "availableDocks":11,
         "totalDocks":14,
         "latitude":43.667158,
         "longitude":-79.402761,
         "statusValue":"In Service",
         "statusKey":1,
         "availableBikes":3,
         "stAddress1":null,
         "stAddress2":null,
         "city":null,
         "postalCode":null,
         "location":null,
         "altitude":null,
         "testStation":false,
         "lastCommunicationTime":"2015-01-07 12:30:58 PM",
         "landMark":7003
      },
      {
         "id":9,
         "stationName":"King St W \/ Spadina Ave",
         "availableDocks":9,
         "totalDocks":18,
         "latitude":43.645323,
         "longitude":-79.395003,
         "statusValue":"In Service",
         "statusKey":1,
         "availableBikes":9,
         "stAddress1":null,
         "stAddress2":null,
         "city":null,
         "postalCode":null,
         "location":null,
         "altitude":null,
         "testStation":false,
         "lastCommunicationTime":"2015-01-07 12:27:12 PM",
         "landMark":7010
      },
      {
         "id":10,
         "stationName":"Elizabeth St \/ Edward St",
         "availableDocks":6,
         "totalDocks":14,
         "latitude":43.656152,
         "longitude":-79.385225,
         "statusValue":"In Service",
         "statusKey":1,
         "availableBikes":8,
         "stAddress1":null,
         "stAddress2":null,
         "city":null,
         "postalCode":null,
         "location":null,
         "altitude":null,
         "testStation":false,
         "lastCommunicationTime":"2015-01-07 12:40:03 PM",
         "landMark":7012
      },
      {
         "id":11,
         "stationName":"Scott St \/ The Esplanade",
         "availableDocks":7,
         "totalDocks":18,
         "latitude":43.64656,
         "longitude":-79.375274,
         "statusValue":"In Service",
         "statusKey":1,
         "availableBikes":11,
         "stAddress1":null,
         "stAddress2":null,
         "city":null,
         "postalCode":null,
         "location":null,
         "altitude":null,
         "testStation":false,
         "lastCommunicationTime":"2015-01-07 12:33:33 PM",
         "landMark":7013
      },
      {
         "id":12,
         "stationName":"Ferry Ramp \/ Queens Quay W",
         "availableDocks":15,
         "totalDocks":22,
         "latitude":43.640823,
         "longitude":-79.376265,
         "statusValue":"In Service",
         "statusKey":1,
         "availableBikes":7,
         "stAddress1":null,
         "stAddress2":null,
         "city":null,
         "postalCode":null,
         "location":null,
         "altitude":null,
         "testStation":false,
         "lastCommunicationTime":"2015-01-07 12:28:39 PM",
         "landMark":7016
      },
      {
         "id":13,
         "stationName":"Temperance St \/ Yonge St",
         "availableDocks":14,
         "totalDocks":15,
         "latitude":43.650855,
         "longitude":-79.379492,
         "statusValue":"In Service",
         "statusKey":1,
         "availableBikes":1,
         "stAddress1":null,
         "stAddress2":null,
         "city":null,
         "postalCode":null,
         "location":null,
         "altitude":null,
         "testStation":false,
         "lastCommunicationTime":"2015-01-07 12:38:59 PM",
         "landMark":7019
      },
      {
         "id":14,
         "stationName":"Simcoe St \/ Queen St W",
         "availableDocks":9,
         "totalDocks":19,
         "latitude":43.650858,
         "longitude":-79.387582,
         "statusValue":"In Service",
         "statusKey":1,
         "availableBikes":10,
         "stAddress1":null,
         "stAddress2":null,
         "city":null,
         "postalCode":null,
         "location":null,
         "altitude":null,
         "testStation":false,
         "lastCommunicationTime":"2015-01-07 12:31:16 PM",
         "landMark":7022
      },
      {
         "id":15,
         "stationName":"College St \/ Borden St",
         "availableDocks":6,
         "totalDocks":11,
         "latitude":43.6571,
         "longitude":-79.4056,
         "statusValue":"In Service",
         "statusKey":1,
         "availableBikes":5,
         "stAddress1":null,
         "stAddress2":null,
         "city":null,
         "postalCode":null,
         "location":null,
         "altitude":null,
         "testStation":false,
         "lastCommunicationTime":"2015-01-07 12:35:29 PM",
         "landMark":7023
      },
      {
         "id":16,
         "stationName":"Huron St \/ Harbord St ",
         "availableDocks":10,
         "totalDocks":18,
         "latitude":43.663762,
         "longitude":-79.399782,
         "statusValue":"In Service",
         "statusKey":1,
         "availableBikes":8,
         "stAddress1":null,
         "stAddress2":null,
         "city":null,
         "postalCode":null,
         "location":null,
         "altitude":null,
         "testStation":false,
         "lastCommunicationTime":"2015-01-07 12:33:54 PM",
         "landMark":7024
      },
      {
         "id":17,
         "stationName":"Ted Rogers Way ",
         "availableDocks":20,
         "totalDocks":27,
         "latitude":43.671293,
         "longitude":-79.380471,
         "statusValue":"In Service",
         "statusKey":1,
         "availableBikes":7,
         "stAddress1":null,
         "stAddress2":null,
         "city":null,
         "postalCode":null,
         "location":null,
         "altitude":null,
         "testStation":false,
         "lastCommunicationTime":"2015-01-07 12:38:43 PM",
         "landMark":7025
      },
      {
         "id":18,
         "stationName":"Phoebe St \/ Spadina Ave",
         "availableDocks":13,
         "totalDocks":32,
         "latitude":43.650033,
         "longitude":-79.396555,
         "statusValue":"In Service",
         "statusKey":1,
         "availableBikes":19,
         "stAddress1":null,
         "stAddress2":null,
         "city":null,
         "postalCode":null,
         "location":null,
         "altitude":null,
         "testStation":false,
         "lastCommunicationTime":"2015-01-07 12:35:42 PM",
         "landMark":7020
      },
      {
         "id":19,
         "stationName":"Beverly St \/ Dundas St W",
         "availableDocks":18,
         "totalDocks":27,
         "latitude":43.652823,
         "longitude":-79.393388,
         "statusValue":"In Service",
         "statusKey":1,
         "availableBikes":9,
         "stAddress1":null,
         "stAddress2":null,
         "city":null,
         "postalCode":null,
         "location":null,
         "altitude":null,
         "testStation":false,
         "lastCommunicationTime":"2015-01-07 12:39:26 PM",
         "landMark":7027
      },
      {
         "id":20,
         "stationName":"Jarvis St \/ Isabella St",
         "availableDocks":18,
         "totalDocks":22,
         "latitude":43.669192,
         "longitude":-79.379128,
         "statusValue":"In Service",
         "statusKey":1,
         "availableBikes":4,
         "stAddress1":null,
         "stAddress2":null,
         "city":null,
         "postalCode":null,
         "location":null,
         "altitude":null,
         "testStation":false,
         "lastCommunicationTime":"2015-01-07 12:36:39 PM",
         "landMark":7031
      },
      {
         "id":21,
         "stationName":"Church St \/ Bloor St E",
         "availableDocks":8,
         "totalDocks":15,
         "latitude":43.671389,
         "longitude":-79.382919,
         "statusValue":"In Service",
         "statusKey":1,
         "availableBikes":7,
         "stAddress1":null,
         "stAddress2":null,
         "city":null,
         "postalCode":null,
         "location":null,
         "altitude":null,
         "testStation":false,
         "lastCommunicationTime":"2015-01-07 12:33:58 PM",
         "landMark":7034
      },
      {
         "id":22,
         "stationName":"Bathurst St \/ Dundas St",
         "availableDocks":16,
         "totalDocks":19,
         "latitude":43.6523,
         "longitude":-79.4058,
         "statusValue":"In Service",
         "statusKey":1,
         "availableBikes":3,
         "stAddress1":null,
         "stAddress2":null,
         "city":null,
         "postalCode":null,
         "location":null,
         "altitude":null,
         "testStation":false,
         "lastCommunicationTime":"2015-01-07 12:37:50 PM",
         "landMark":7037
      },
      {
         "id":23,
         "stationName":"Dundas St \/ Yonge St",
         "availableDocks":6,
         "totalDocks":15,
         "latitude":43.656094,
         "longitude":-79.381484,
         "statusValue":"In Service",
         "statusKey":1,
         "availableBikes":9,
         "stAddress1":null,
         "stAddress2":null,
         "city":null,
         "postalCode":null,
         "location":null,
         "altitude":null,
         "testStation":false,
         "lastCommunicationTime":"2015-01-07 12:31:16 PM",
         "landMark":7038
      },
      {
         "id":24,
         "stationName":"Simcoe St \/ Dundas St W",
         "availableDocks":4,
         "totalDocks":26,
         "latitude":43.653743,
         "longitude":-79.38882,
         "statusValue":"In Service",
         "statusKey":1,
         "availableBikes":22,
         "stAddress1":null,
         "stAddress2":null,
         "city":null,
         "postalCode":null,
         "location":null,
         "altitude":null,
         "testStation":false,
         "lastCommunicationTime":"2015-01-07 12:39:50 PM",
         "landMark":7039
      },
      {
         "id":25,
         "stationName":"Edward St \/ Yonge St",
         "availableDocks":9,
         "totalDocks":22,
         "latitude":43.656729,
         "longitude":-79.382736,
         "statusValue":"In Service",
         "statusKey":1,
         "availableBikes":13,
         "stAddress1":null,
         "stAddress2":null,
         "city":null,
         "postalCode":null,
         "location":null,
         "altitude":null,
         "testStation":false,
         "lastCommunicationTime":"2015-01-07 12:28:56 PM",
         "landMark":7041
      },
      {
         "id":26,
         "stationName":"Sherbourne St \/ Wellesley St",
         "availableDocks":26,
         "totalDocks":32,
         "latitude":43.6673,
         "longitude":-79.374,
         "statusValue":"In Service",
         "statusKey":1,
         "availableBikes":6,
         "stAddress1":null,
         "stAddress2":null,
         "city":null,
         "postalCode":null,
         "location":null,
         "altitude":null,
         "testStation":false,
         "lastCommunicationTime":"2015-01-07 12:34:22 PM",
         "landMark":7042
      },
      {
         "id":27,
         "stationName":"Lower Simcoe St \/ Lakeshore Blvd W",
         "availableDocks":10,
         "totalDocks":18,
         "latitude":43.640016,
         "longitude":-79.383186,
         "statusValue":"In Service",
         "statusKey":1,
         "availableBikes":8,
         "stAddress1":null,
         "stAddress2":null,
         "city":null,
         "postalCode":null,
         "location":null,
         "altitude":null,
         "testStation":false,
         "lastCommunicationTime":"2015-01-07 12:39:23 PM",
         "landMark":7043
      },
      {
         "id":28,
         "stationName":"Bond St \/ Queen St E",
         "availableDocks":1,
         "totalDocks":10,
         "latitude":43.653236,
         "longitude":-79.376716,
         "statusValue":"In Service",
         "statusKey":1,
         "availableBikes":9,
         "stAddress1":null,
         "stAddress2":null,
         "city":null,
         "postalCode":null,
         "location":null,
         "altitude":null,
         "testStation":false,
         "lastCommunicationTime":"2015-01-07 12:34:02 PM",
         "landMark":7045
      },
      {
         "id":29,
         "stationName":"Wellesley St E. \/ Yonge St",
         "availableDocks":9,
         "totalDocks":17,
         "latitude":43.664953,
         "longitude":-79.384423,
         "statusValue":"In Service",
         "statusKey":1,
         "availableBikes":8,
         "stAddress1":null,
         "stAddress2":null,
         "city":null,
         "postalCode":null,
         "location":null,
         "altitude":null,
         "testStation":false,
         "lastCommunicationTime":"2015-01-07 12:31:12 PM",
         "landMark":7051
      },
      {
         "id":30,
         "stationName":"Augusta Ave \/ Dundas St W",
         "availableDocks":12,
         "totalDocks":15,
         "latitude":43.652175,
         "longitude":-79.400913,
         "statusValue":"In Service",
         "statusKey":1,
         "availableBikes":3,
         "stAddress1":null,
         "stAddress2":null,
         "city":null,
         "postalCode":null,
         "location":null,
         "altitude":null,
         "testStation":false,
         "lastCommunicationTime":"2015-01-07 12:26:20 PM",
         "landMark":7032
      },
      {
         "id":31,
         "stationName":"Oakville GO Station",
         "availableDocks":9,
         "totalDocks":12,
         "latitude":43.456146,
         "longitude":-79.681667,
         "statusValue":"In Service",
         "statusKey":1,
         "availableBikes":3,
         "stAddress1":null,
         "stAddress2":null,
         "city":null,
         "postalCode":null,
         "location":null,
         "altitude":null,
         "testStation":false,
         "lastCommunicationTime":"2015-01-07 12:39:46 PM",
         "landMark":7053
      },
      {
         "id":32,
         "stationName":"Navy Wharf Ct. \/ Bremner Blvd.",
         "availableDocks":5,
         "totalDocks":11,
         "latitude":43.640722,
         "longitude":-79.391051,
         "statusValue":"In Service",
         "statusKey":1,
         "availableBikes":6,
         "stAddress1":null,
         "stAddress2":null,
         "city":null,
         "postalCode":null,
         "location":null,
         "altitude":null,
         "testStation":false,
         "lastCommunicationTime":"2015-01-07 12:33:36 PM",
         "landMark":7054
      },
      {
         "id":33,
         "stationName":"Simcoe St \/ Wellington St W",
         "availableDocks":8,
         "totalDocks":22,
         "latitude":43.645533,
         "longitude":-79.3854,
         "statusValue":"In Service",
         "statusKey":1,
         "availableBikes":14,
         "stAddress1":null,
         "stAddress2":null,
         "city":null,
         "postalCode":null,
         "location":null,
         "altitude":null,
         "testStation":false,
         "lastCommunicationTime":"2015-01-07 12:28:03 PM",
         "landMark":7057
      },
      {
         "id":34,
         "stationName":"Dundas Rd \/ Trafalgar Rd ",
         "availableDocks":5,
         "totalDocks":11,
         "latitude":43.487843,
         "longitude":-79.719684,
         "statusValue":"In Service",
         "statusKey":1,
         "availableBikes":6,
         "stAddress1":null,
         "stAddress2":null,
         "city":null,
         "postalCode":null,
         "location":null,
         "altitude":null,
         "testStation":false,
         "lastCommunicationTime":"2015-01-07 12:36:17 PM",
         "landMark":7058
      },
      {
         "id":35,
         "stationName":"Bloor St \/ Brunswick Ave",
         "availableDocks":17,
         "totalDocks":24,
         "latitude":43.665876,
         "longitude":-79.407224,
         "statusValue":"In Service",
         "statusKey":1,
         "availableBikes":7,
         "stAddress1":null,
         "stAddress2":null,
         "city":null,
         "postalCode":null,
         "location":null,
         "altitude":null,
         "testStation":false,
         "lastCommunicationTime":"2015-01-07 12:29:34 PM",
         "landMark":7061
      },
      {
         "id":36,
         "stationName":"Queens Park \/ Bloor St W",
         "availableDocks":10,
         "totalDocks":17,
         "latitude":43.668327,
         "longitude":-79.39355,
         "statusValue":"In Service",
         "statusKey":1,
         "availableBikes":7,
         "stAddress1":null,
         "stAddress2":null,
         "city":null,
         "postalCode":null,
         "location":null,
         "altitude":null,
         "testStation":false,
         "lastCommunicationTime":"2015-01-07 12:34:47 PM",
         "landMark":7063
      },
      {
         "id":37,
         "stationName":"Dundas St \/ Parliament St",
         "availableDocks":6,
         "totalDocks":11,
         "latitude":43.659575,
         "longitude":-79.365769,
         "statusValue":"In Service",
         "statusKey":1,
         "availableBikes":5,
         "stAddress1":null,
         "stAddress2":null,
         "city":null,
         "postalCode":null,
         "location":null,
         "altitude":null,
         "testStation":false,
         "lastCommunicationTime":"2015-01-07 12:26:24 PM",
         "landMark":7065
      },
      {
         "id":38,
         "stationName":"Willcocks St \/ St. George St",
         "availableDocks":12,
         "totalDocks":17,
         "latitude":43.662237,
         "longitude":-79.397716,
         "statusValue":"In Service",
         "statusKey":1,
         "availableBikes":5,
         "stAddress1":null,
         "stAddress2":null,
         "city":null,
         "postalCode":null,
         "location":null,
         "altitude":null,
         "testStation":false,
         "lastCommunicationTime":"2015-01-07 12:30:38 PM",
         "landMark":7066
      },
      {
         "id":39,
         "stationName":"Yonge St. \/ Lakeshore Ave. E.",
         "availableDocks":21,
         "totalDocks":39,
         "latitude":43.643795,
         "longitude":-79.375413,
         "statusValue":"In Service",
         "statusKey":1,
         "availableBikes":18,
         "stAddress1":null,
         "stAddress2":null,
         "city":null,
         "postalCode":null,
         "location":null,
         "altitude":null,
         "testStation":false,
         "lastCommunicationTime":"2015-01-07 12:37:33 PM",
         "landMark":7067
      },
      {
         "id":40,
         "stationName":"Dockside Dr \/ Queens Quay E.",
         "availableDocks":17,
         "totalDocks":26,
         "latitude":43.644272,
         "longitude":-79.367766,
         "statusValue":"In Service",
         "statusKey":1,
         "availableBikes":9,
         "stAddress1":null,
         "stAddress2":null,
         "city":null,
         "postalCode":null,
         "location":null,
         "altitude":null,
         "testStation":false,
         "lastCommunicationTime":"2015-01-07 12:38:03 PM",
         "landMark":7068
      },
      {
         "id":41,
         "stationName":"Queen St W \/ Spadina Ave",
         "availableDocks":7,
         "totalDocks":10,
         "latitude":43.649147,
         "longitude":-79.395504,
         "statusValue":"In Service",
         "statusKey":1,
         "availableBikes":3,
         "stAddress1":null,
         "stAddress2":null,
         "city":null,
         "postalCode":null,
         "location":null,
         "altitude":null,
         "testStation":false,
         "lastCommunicationTime":"2015-01-07 12:37:05 PM",
         "landMark":7069
      },
      {
         "id":42,
         "stationName":"25 York St (ACC\/Union Station South)",
         "availableDocks":5,
         "totalDocks":10,
         "latitude":43.643667,
         "longitude":-79.380414,
         "statusValue":"In Service",
         "statusKey":1,
         "availableBikes":5,
         "stAddress1":null,
         "stAddress2":null,
         "city":null,
         "postalCode":null,
         "location":null,
         "altitude":null,
         "testStation":false,
         "lastCommunicationTime":"2015-01-07 12:34:18 PM",
         "landMark":7070
      },
      {
         "id":43,
         "stationName":"Queen St W \/ Shaw St",
         "availableDocks":12,
         "totalDocks":15,
         "latitude":43.644524,
         "longitude":-79.416519,
         "statusValue":"In Service",
         "statusKey":1,
         "availableBikes":3,
         "stAddress1":null,
         "stAddress2":null,
         "city":null,
         "postalCode":null,
         "location":null,
         "altitude":null,
         "testStation":false,
         "lastCommunicationTime":"2015-01-07 12:38:04 PM",
         "landMark":7072
      },
      {
         "id":44,
         "stationName":"Spadina Ave \/ Sussex Ave",
         "availableDocks":23,
         "totalDocks":27,
         "latitude":43.664137,
         "longitude":-79.402496,
         "statusValue":"In Service",
         "statusKey":1,
         "availableBikes":4,
         "stAddress1":null,
         "stAddress2":null,
         "city":null,
         "postalCode":null,
         "location":null,
         "altitude":null,
         "testStation":false,
         "lastCommunicationTime":"2015-01-07 12:28:51 PM",
         "landMark":7074
      },
      {
         "id":45,
         "stationName":"Brampton GO Station",
         "availableDocks":20,
         "totalDocks":27,
         "latitude":43.687697,
         "longitude":-79.764567,
         "statusValue":"In Service",
         "statusKey":1,
         "availableBikes":7,
         "stAddress1":null,
         "stAddress2":null,
         "city":null,
         "postalCode":null,
         "location":null,
         "altitude":null,
         "testStation":false,
         "lastCommunicationTime":"2015-01-07 12:35:44 PM",
         "landMark":7075
      },
      {
         "id":46,
         "stationName":"York St \/ Queens Quay W",
         "availableDocks":6,
         "totalDocks":19,
         "latitude":43.640132,
         "longitude":-79.380464,
         "statusValue":"In Service",
         "statusKey":1,
         "availableBikes":13,
         "stAddress1":null,
         "stAddress2":null,
         "city":null,
         "postalCode":null,
         "location":null,
         "altitude":null,
         "testStation":false,
         "lastCommunicationTime":"2015-01-07 12:26:55 PM",
         "landMark":7076
      },
      {
         "id":47,
         "stationName":"Derry Rd \/ McLaughlin Rd.",
         "availableDocks":14,
         "totalDocks":19,
         "latitude":43.636432,
         "longitude":-79.717285,
         "statusValue":"In Service",
         "statusKey":1,
         "availableBikes":5,
         "stAddress1":null,
         "stAddress2":null,
         "city":null,
         "postalCode":null,
         "location":null,
         "altitude":null,
         "testStation":false,
         "lastCommunicationTime":"2015-01-07 12:37:03 PM",
         "landMark":7077
      },
      {
         "id":48,
         "stationName":"Gerrard St E \/ Church St",
         "availableDocks":7,
         "totalDocks":14,
         "latitude":43.659778,
         "longitude":-79.37978,
         "statusValue":"In Service",
         "statusKey":1,
         "availableBikes":7,
         "stAddress1":null,
         "stAddress2":null,
         "city":null,
         "postalCode":null,
         "location":null,
         "altitude":null,
         "testStation":false,
         "lastCommunicationTime":"2015-01-07 12:31:26 PM",
         "landMark":7079
      },
      {
         "id":49,
         "stationName":"Widmer St \/ Adelaide St ",
         "availableDocks":4,
         "totalDocks":19,
         "latitude":43.647145,
         "longitude":-79.391479,
         "statusValue":"In Service",
         "statusKey":1,
         "availableBikes":15,
         "stAddress1":null,
         "stAddress2":null,
         "city":null,
         "postalCode":null,
         "location":null,
         "altitude":null,
         "testStation":false,
         "lastCommunicationTime":"2015-01-07 12:39:24 PM",
         "landMark":7017
      },
      {
         "id":50,
         "stationName":"Bremner Blvd \/ Rees St",
         "availableDocks":11,
         "totalDocks":15,
         "latitude":43.641529,
         "longitude":-79.386741,
         "statusValue":"In Service",
         "statusKey":1,
         "availableBikes":4,
         "stAddress1":null,
         "stAddress2":null,
         "city":null,
         "postalCode":null,
         "location":null,
         "altitude":null,
         "testStation":false,
         "lastCommunicationTime":"2015-01-07 12:35:04 PM",
         "landMark":7018
      },
      {
         "id":51,
         "stationName":"Ft. York \/ Capreol Crt.",
         "availableDocks":27,
         "totalDocks":29,
         "latitude":43.639832,
         "longitude":-79.395954,
         "statusValue":"In Service",
         "statusKey":1,
         "availableBikes":2,
         "stAddress1":null,
         "stAddress2":null,
         "city":null,
         "postalCode":null,
         "location":null,
         "altitude":null,
         "testStation":false,
         "lastCommunicationTime":"2015-01-07 12:32:08 PM",
         "landMark":7000
      },
      {
         "id":52,
         "stationName":"Lower Jarvis St \/ The Esplanade",
         "availableDocks":12,
         "totalDocks":14,
         "latitude":43.647992,
         "longitude":-79.370907,
         "statusValue":"In Service",
         "statusKey":1,
         "availableBikes":2,
         "stAddress1":null,
         "stAddress2":null,
         "city":null,
         "postalCode":null,
         "location":null,
         "altitude":null,
         "testStation":false,
         "lastCommunicationTime":"2015-01-07 12:30:13 PM",
         "landMark":7001
      },
      {
         "id":53,
         "stationName":"University Ave \/ Elm St",
         "availableDocks":9,
         "totalDocks":11,
         "latitude":43.656518,
         "longitude":-79.389099,
         "statusValue":"In Service",
         "statusKey":1,
         "availableBikes":2,
         "stAddress1":null,
         "stAddress2":null,
         "city":null,
         "postalCode":null,
         "location":null,
         "altitude":null,
         "testStation":false,
         "lastCommunicationTime":"2015-01-07 12:32:20 PM",
         "landMark":7004
      },
      {
         "id":54,
         "stationName":"University Ave \/ King St W",
         "availableDocks":9,
         "totalDocks":19,
         "latitude":43.648093,
         "longitude":-79.384749,
         "statusValue":"In Service",
         "statusKey":1,
         "availableBikes":10,
         "stAddress1":null,
         "stAddress2":null,
         "city":null,
         "postalCode":null,
         "location":null,
         "altitude":null,
         "testStation":false,
         "lastCommunicationTime":"2015-01-07 12:34:55 PM",
         "landMark":7005
      },
      {
         "id":55,
         "stationName":"Wellington St \/ Portland St",
         "availableDocks":6,
         "totalDocks":11,
         "latitude":43.642982,
         "longitude":-79.399256,
         "statusValue":"In Service",
         "statusKey":1,
         "availableBikes":5,
         "stAddress1":null,
         "stAddress2":null,
         "city":null,
         "postalCode":null,
         "location":null,
         "altitude":null,
         "testStation":false,
         "lastCommunicationTime":"2015-01-07 12:33:08 PM",
         "landMark":7011
      },
      {
         "id":56,
         "stationName":"Sherbourne \/ Carlton (Allan Gardens)",
         "availableDocks":10,
         "totalDocks":15,
         "latitude":43.663102,
         "longitude":-79.373181,
         "statusValue":"In Service",
         "statusKey":1,
         "availableBikes":5,
         "stAddress1":null,
         "stAddress2":null,
         "city":null,
         "postalCode":null,
         "location":null,
         "altitude":null,
         "testStation":false,
         "lastCommunicationTime":"2015-01-07 12:28:40 PM",
         "landMark":7014
      },
      {
         "id":57,
         "stationName":"King St W \/ Bay St",
         "availableDocks":15,
         "totalDocks":22,
         "latitude":43.64852,
         "longitude":-79.380576,
         "statusValue":"In Service",
         "statusKey":1,
         "availableBikes":7,
         "stAddress1":null,
         "stAddress2":null,
         "city":null,
         "postalCode":null,
         "location":null,
         "altitude":null,
         "testStation":false,
         "lastCommunicationTime":"2015-01-07 12:33:59 PM",
         "landMark":7015
      },
      {
         "id":58,
         "stationName":"Queen St \/ Ossington Ave",
         "availableDocks":15,
         "totalDocks":23,
         "latitude":43.643975,
         "longitude":-79.419576,
         "statusValue":"In Service",
         "statusKey":1,
         "availableBikes":8,
         "stAddress1":null,
         "stAddress2":null,
         "city":null,
         "postalCode":null,
         "location":null,
         "altitude":null,
         "testStation":false,
         "lastCommunicationTime":"2015-01-07 12:38:54 PM",
         "landMark":7035
      },
      {
         "id":59,
         "stationName":"Melinda St \/ Yonge St",
         "availableDocks":9,
         "totalDocks":11,
         "latitude":43.648629,
         "longitude":-79.377748,
         "statusValue":"In Service",
         "statusKey":1,
         "availableBikes":2,
         "stAddress1":null,
         "stAddress2":null,
         "city":null,
         "postalCode":null,
         "location":null,
         "altitude":null,
         "testStation":false,
         "lastCommunicationTime":"2015-01-07 12:36:56 PM",
         "landMark":7036
      },
      {
         "id":60,
         "stationName":"Euclid Ave \/ Bloor St",
         "availableDocks":14,
         "totalDocks":19,
         "latitude":43.6643,
         "longitude":-79.415,
         "statusValue":"In Service",
         "statusKey":1,
         "availableBikes":5,
         "stAddress1":null,
         "stAddress2":null,
         "city":null,
         "postalCode":null,
         "location":null,
         "altitude":null,
         "testStation":false,
         "lastCommunicationTime":"2015-01-07 12:31:14 PM",
         "landMark":7040
      },
      {
         "id":61,
         "stationName":"Bay St \/ Albert St",
         "availableDocks":16,
         "totalDocks":23,
         "latitude":43.653264,
         "longitude":-79.382458,
         "statusValue":"In Service",
         "statusKey":1,
         "availableBikes":7,
         "stAddress1":null,
         "stAddress2":null,
         "city":null,
         "postalCode":null,
         "location":null,
         "altitude":null,
         "testStation":false,
         "lastCommunicationTime":"2015-01-07 12:36:28 PM",
         "landMark":7021
      },
      {
         "id":62,
         "stationName":"Niagara St. \/ Richmond St. W.",
         "availableDocks":7,
         "totalDocks":14,
         "latitude":43.64534,
         "longitude":-79.409597,
         "statusValue":"In Service",
         "statusKey":1,
         "availableBikes":7,
         "stAddress1":null,
         "stAddress2":null,
         "city":null,
         "postalCode":null,
         "location":null,
         "altitude":null,
         "testStation":false,
         "lastCommunicationTime":"2015-01-07 12:36:12 PM",
         "landMark":7046
      },
      {
         "id":63,
         "stationName":"University Ave \/ Gerrard St W",
         "availableDocks":4,
         "totalDocks":11,
         "latitude":43.657763,
         "longitude":-79.389165,
         "statusValue":"In Service",
         "statusKey":1,
         "availableBikes":7,
         "stAddress1":null,
         "stAddress2":null,
         "city":null,
         "postalCode":null,
         "location":null,
         "altitude":null,
         "testStation":false,
         "lastCommunicationTime":"2015-01-07 12:30:18 PM",
         "landMark":7047
      },
      {
         "id":64,
         "stationName":"Front\/Yonge (Hockey Hall of Fame)",
         "availableDocks":25,
         "totalDocks":36,
         "latitude":43.646144,
         "longitude":-79.377962,
         "statusValue":"In Service",
         "statusKey":1,
         "availableBikes":11,
         "stAddress1":null,
         "stAddress2":null,
         "city":null,
         "postalCode":null,
         "location":null,
         "altitude":null,
         "testStation":false,
         "lastCommunicationTime":"2015-01-07 12:39:14 PM",
         "landMark":7048
      },
      {
         "id":65,
         "stationName":"Queen St \/ Portland St",
         "availableDocks":4,
         "totalDocks":7,
         "latitude":43.6476,
         "longitude":-79.4015,
         "statusValue":"In Service",
         "statusKey":1,
         "availableBikes":3,
         "stAddress1":null,
         "stAddress2":null,
         "city":null,
         "postalCode":null,
         "location":null,
         "altitude":null,
         "testStation":false,
         "lastCommunicationTime":"2015-01-07 12:27:15 PM",
         "landMark":7049
      },
      {
         "id":66,
         "stationName":"Richmond St E \/ Jarvis St",
         "availableDocks":4,
         "totalDocks":11,
         "latitude":43.652634,
         "longitude":-79.374222,
         "statusValue":"In Service",
         "statusKey":1,
         "availableBikes":7,
         "stAddress1":null,
         "stAddress2":null,
         "city":null,
         "postalCode":null,
         "location":null,
         "altitude":null,
         "testStation":false,
         "lastCommunicationTime":"2015-01-07 12:34:01 PM",
         "landMark":7050
      },
      {
         "id":67,
         "stationName":"Front St W \/ Blue Jays Way",
         "availableDocks":10,
         "totalDocks":14,
         "latitude":43.643473,
         "longitude":-79.390477,
         "statusValue":"In Service",
         "statusKey":1,
         "availableBikes":4,
         "stAddress1":null,
         "stAddress2":null,
         "city":null,
         "postalCode":null,
         "location":null,
         "altitude":null,
         "testStation":false,
         "lastCommunicationTime":"2015-01-07 12:33:48 PM",
         "landMark":7059
      },
      {
         "id":68,
         "stationName":"Princess Ave \/ Adelaide St",
         "availableDocks":7,
         "totalDocks":19,
         "latitude":43.652123,
         "longitude":-79.367139,
         "statusValue":"In Service",
         "statusKey":1,
         "availableBikes":12,
         "stAddress1":null,
         "stAddress2":null,
         "city":null,
         "postalCode":null,
         "location":null,
         "altitude":null,
         "testStation":false,
         "lastCommunicationTime":"2015-01-07 12:32:48 PM",
         "landMark":7060
      },
      {
         "id":69,
         "stationName":"University Ave \/ College St",
         "availableDocks":6,
         "totalDocks":10,
         "latitude":43.659226,
         "longitude":-79.390213,
         "statusValue":"In Service",
         "statusKey":1,
         "availableBikes":4,
         "stAddress1":null,
         "stAddress2":null,
         "city":null,
         "postalCode":null,
         "location":null,
         "altitude":null,
         "testStation":false,
         "lastCommunicationTime":"2015-01-07 12:30:20 PM",
         "landMark":7062
      },
      {
         "id":70,
         "stationName":"Trinity \/ Front (Distillery)",
         "availableDocks":10,
         "totalDocks":19,
         "latitude":43.6513,
         "longitude":-79.3603,
         "statusValue":"In Service",
         "statusKey":1,
         "availableBikes":9,
         "stAddress1":null,
         "stAddress2":null,
         "city":null,
         "postalCode":null,
         "location":null,
         "altitude":null,
         "testStation":false,
         "lastCommunicationTime":"2015-01-07 12:32:23 PM",
         "landMark":7064
      },
      {
         "id":71,
         "stationName":"Bathurst \/ Queens Quay (Island Airport)",
         "availableDocks":20,
         "totalDocks":22,
         "latitude":43.6354,
         "longitude":-79.3984,
         "statusValue":"In Service",
         "statusKey":1,
         "availableBikes":2,
         "stAddress1":null,
         "stAddress2":null,
         "city":null,
         "postalCode":null,
         "location":null,
         "altitude":null,
         "testStation":false,
         "lastCommunicationTime":"2015-01-07 12:26:51 PM",
         "landMark":7071
      },
      {
         "id":72,
         "stationName":"Bremner \/ Spadina",
         "availableDocks":12,
         "totalDocks":15,
         "latitude":43.640903,
         "longitude":-79.392895,
         "statusValue":"In Service",
         "statusKey":1,
         "availableBikes":3,
         "stAddress1":null,
         "stAddress2":null,
         "city":null,
         "postalCode":null,
         "location":null,
         "altitude":null,
         "testStation":false,
         "lastCommunicationTime":"2015-01-07 12:31:10 PM",
         "landMark":7073
      },
      {
         "id":73,
         "stationName":"Bay St \/ College St",
         "availableDocks":1,
         "totalDocks":11,
         "latitude":43.660422,
         "longitude":-79.385441,
         "statusValue":"In Service",
         "statusKey":1,
         "availableBikes":10,
         "stAddress1":null,
         "stAddress2":null,
         "city":null,
         "postalCode":null,
         "location":null,
         "altitude":null,
         "testStation":false,
         "lastCommunicationTime":"2015-01-07 12:39:46 PM",
         "landMark":7006
      },
      {
         "id":74,
         "stationName":"Bay St \/ Bloor St W",
         "availableDocks":10,
         "totalDocks":15,
         "latitude":43.669429,
         "longitude":-79.389326,
         "statusValue":"In Service",
         "statusKey":1,
         "availableBikes":5,
         "stAddress1":null,
         "stAddress2":null,
         "city":null,
         "postalCode":null,
         "location":null,
         "altitude":null,
         "testStation":false,
         "lastCommunicationTime":"2015-01-07 12:35:39 PM",
         "landMark":7029
      },
      {
         "id":75,
         "stationName":"Wellington St W \/ Bay St",
         "availableDocks":13,
         "totalDocks":24,
         "latitude":43.647331,
         "longitude":-79.379673,
         "statusValue":"In Service",
         "statusKey":1,
         "availableBikes":11,
         "stAddress1":null,
         "stAddress2":null,
         "city":null,
         "postalCode":null,
         "location":null,
         "altitude":null,
         "testStation":false,
         "lastCommunicationTime":"2015-01-07 12:27:13 PM",
         "landMark":7052
      },
      {
         "id":76,
         "stationName":"King St E \/ Jarvis St",
         "availableDocks":6,
         "totalDocks":11,
         "latitude":43.650325,
         "longitude":-79.372287,
         "statusValue":"In Service",
         "statusKey":1,
         "availableBikes":5,
         "stAddress1":null,
         "stAddress2":null,
         "city":null,
         "postalCode":null,
         "location":null,
         "altitude":null,
         "testStation":false,
         "lastCommunicationTime":"2015-01-07 12:39:18 PM",
         "landMark":7009
      },
      {
         "id":77,
         "stationName":"College St \/ Huron St",
         "availableDocks":4,
         "totalDocks":11,
         "latitude":43.658148,
         "longitude":-79.398167,
         "statusValue":"In Service",
         "statusKey":1,
         "availableBikes":7,
         "stAddress1":null,
         "stAddress2":null,
         "city":null,
         "postalCode":null,
         "location":null,
         "altitude":null,
         "testStation":false,
         "lastCommunicationTime":"2015-01-07 12:38:19 PM",
         "landMark":7007
      },
      {
         "id":78,
         "stationName":"College St \/ Major St",
         "availableDocks":6,
         "totalDocks":11,
         "latitude":43.6576,
         "longitude":-79.4032,
         "statusValue":"In Service",
         "statusKey":1,
         "availableBikes":5,
         "stAddress1":null,
         "stAddress2":null,
         "city":null,
         "postalCode":null,
         "location":null,
         "altitude":null,
         "testStation":false,
         "lastCommunicationTime":"2015-01-07 12:29:42 PM",
         "landMark":7078
      },
      {
         "id":79,
         "stationName":"Bay St \/ St. Joseph St",
         "availableDocks":9,
         "totalDocks":11,
         "latitude":43.665527,
         "longitude":-79.387499,
         "statusValue":"In Service",
         "statusKey":1,
         "availableBikes":2,
         "stAddress1":null,
         "stAddress2":null,
         "city":null,
         "postalCode":null,
         "location":null,
         "altitude":null,
         "testStation":false,
         "lastCommunicationTime":"2015-01-07 12:28:47 PM",
         "landMark":7026
      },
      {
         "id":80,
         "stationName":"Bay St \/ Wellesley St W",
         "availableDocks":30,
         "totalDocks":33,
         "latitude":43.664088,
         "longitude":-79.387095,
         "statusValue":"In Service",
         "statusKey":1,
         "availableBikes":3,
         "stAddress1":null,
         "stAddress2":null,
         "city":null,
         "postalCode":null,
         "location":null,
         "altitude":null,
         "testStation":false,
         "lastCommunicationTime":"2015-01-07 12:36:03 PM",
         "landMark":7030
      },
      {
         "id":82,
         "stationName":"Parliament St \/ Gerrard St",
         "availableDocks":23,
         "totalDocks":26,
         "latitude":43.661149,
         "longitude":-79.366648,
         "statusValue":"In Service",
         "statusKey":1,
         "availableBikes":3,
         "stAddress1":null,
         "stAddress2":null,
         "city":null,
         "postalCode":null,
         "location":null,
         "altitude":null,
         "testStation":false,
         "lastCommunicationTime":"2015-01-07 12:39:50 PM",
         "landMark":7056
      },
      {
         "id":83,
         "stationName":"Queens Park Cres E",
         "availableDocks":15,
         "totalDocks":19,
         "latitude":43.663957,
         "longitude":-79.390884,
         "statusValue":"In Service",
         "statusKey":1,
         "availableBikes":4,
         "stAddress1":null,
         "stAddress2":null,
         "city":null,
         "postalCode":null,
         "location":null,
         "altitude":null,
         "testStation":false,
         "lastCommunicationTime":"2015-01-07 12:27:53 PM",
         "landMark":7008
      }
   ]
}
